Index,Customer Id,First Name,Last Name,Company,City,Country,Phone 1,Phone 2,Email,Subscription Date,Website
1,4962fdbE6Bfee6D,Pam,Sparks,Patel-Deleon,Blakemouth,British Indian Ocean Territory (Chagos Archipelago),267-243-9490x035,480-078-0535x889,nicolas00@faulkner-kramer.com,2020-11-29,https://nelson.com/
2,9b12Ae76fdBc9bE,Gina,Rocha,"Acosta, Paul and Barber",East Lynnchester,Costa Rica,027.142.0940,+1-752-593-4777x07171,yfarley@morgan.com,2021-01-03,https://pineda-rogers.biz/
3,39edFd2F60C85BC,Kristie,Greer,French Fry Group,West Pamela,Ecuador,+1-049-168-7497x5053,+1-311-216-7855,jennyhayden@petty.org,2021-06-20,https://mckinney.com/
4,Fa42AE6a9aD39cE,Arthur,Fields,Patel-Deleon,East Belinda,Afghanistan,001-653-754-7486x65787,521-630-3858x953,igrimes@ruiz-todd.org,2020-02-13,https://dominguez.biz/
5,F5702Edae925F1D,Michelle,Blevins,French Fry Group,West Jared,Marshall Islands,8735278329,(633)283-6034x500,diamondcarter@jordan.com,2020-10-20,http://murillo-ryan.com/
6,9FBfbd34c3f30d9,Greg,Rivers,Coffee Ltd,New Pedrohaven,Senegal,2382697028,822-449-7638,mannkiara@bowman.com,2020-02-19,https://www.richard.biz/
7,D31D38D576aB1Bf,Brian,Brandt,French Fry Group,Rayville,Marshall Islands,608.531.0005x630,926-957-7052x6181,dlynn@palmer-morgan.com,2020-03-31,https://www.washington.org/
8,3C3B8bee16BcC5F,Dennis,Pacheco,Patel-Deleon,South Eugenehaven,Sri Lanka,+1-391-505-2358,076.454.1128,joy45@conner.org,2021-03-20,http://www.armstrong-golden.com/
9,7C1C93522Bd5e4B,Malik,Rivers,French Fry Group,Mejiastad,Wallis and Futuna,001-366-285-9819x5924,852.896.9192x3681,stacydavis@spencer.com,2020-01-16,https://watson.com/
10,bABC8cBffe68792,Hayden,Riddle,Coffee Ltd,Kaitlynmouth,Cameroon,951.359.7028x94651,931.227.4541,danhouston@moon.net,2022-05-18,https://www.farley.net/
11,534a2B5FE8Aba5d,Edward,Wood,"Mckee, Schneider and Orozco",Kelseystad,Croatia,(932)069-3090x0566,037-375-9588x561,batesbill@jensen.net,2020-05-22,http://alvarez.com/
12,4baa94d4FaEbe9d,Julie,Stein,Patel-Deleon,South Frankside,Macao,+1-918-017-3392x459,500-005-1315,sherry62@robinson.org,2020-01-17,https://carlson-johnston.com/
13,Fc2c8D2BE1AEfDb,Kristina,Andrade,Coffee Ltd,Port Taraton,Pitcairn Islands,(640)067-7023x66846,001-367-405-8096x592,ivillarreal@fowler.biz,2020-09-11,https://foley.com/
14,9468BBc926AaAB3,Zoe,Hansen,Tanner PLC,Kimberlyfort,Benin,638-798-9796x0247,(265)475-2386x9812,duransheena@hughes.com,2021-10-09,https://franco-galloway.com/
15,BE96AcDDCc77da0,Joseph,Bennett,Patel-Deleon,Port Mathew,Peru,+1-597-363-0416x6579,900.196.1169x767,albertparsons@shea.com,2020-04-29,https://howard-boyer.net/
16,A24E162EBb6D97B,Vickie,Ferguson,French Fry Group,Carlyport,Tunisia,(351)349-8170,+1-943-399-6212x1474,rita82@carey.com,2021-04-16,https://ashley-oneill.info/
17,f1a979d0Ed2dB14,Dillon,Frye,French Fry Group,Lake Kendraview,Colombia,+1-003-466-7005,001-253-461-6631x21150,housegreg@dillon.com,2021-11-29,http://www.young.com/
18,dCBC761B59e4EFB,Grace,Logan,French Fry Group,Rochaborough,Kenya,1744624651,166-747-2389x97375,jodyeverett@potter.com,2020-02-11,https://www.knapp.net/
19,d0e6bb354BAeEEd,Sara,Dudley,French Fry Group,Lake Davestad,Guernsey,921.993.4487,(812)799-2828x896,beth75@noble.com,2021-10-16,https://padilla.info/
20,8Ace2d52a65faA6,Philip,Andersen,Coffee Ltd,Devonburgh,Morocco,001-820-882-1469x11915,(813)152-5505x275,reginaldavila@stanley.com,2020-02-04,http://patton-pineda.com/
75,D01Af0AF7cBbFeA,Regina,Stein,Guzman-Brown,Raystad,Solomon Islands,001-469-848-0724x4407,001-085-360-4426x00357,zrosario@rojas-hardin.net,2022-01-15,http://www.johnston.info/
76,d40e89dCade7b2F,Debra,Riddle,"Chang, Aguirre and Leblanc",Colinhaven,United States Virgin Islands,+1-768-182-6014x14336,(303)961-4491,shieldskerry@robles.com,2020-07-11,http://kaiser.info/
77,BF6a1f9bd1bf8DE,Brittany,Zuniga,Mason-Hester,West Reginald,Kyrgyz Republic,(050)136-9025,001-480-851-2496x0157,mchandler@cochran-huerta.org,2021-07-24,http://www.boyle.com/
78,FfaeFFbbbf280db,Cassidy,Mcmahon,"Mcguire, Huynh and Hopkins",Lake Sherryborough,Myanmar,5040771311,684-682-0021x1326,katrinalane@fitzgerald.com,2020-10-21,https://hurst.com/
79,CbAE1d1e9a8dCb1,Laurie,Pennington,"Sanchez, Marsh and Hale",Port Katherineville,Dominica,007.155.3406x553,+1-809-862-5566x277,cookejill@powell.com,2020-06-08,http://www.hebert.com/
80,A7F85c1DE4dB87f,Alejandro,Blair,"Combs, Waller and Durham",Thomasland,Iceland,(690)068-4641x51468,555.509.8691x2329,elizabethbarr@ewing.com,2020-09-19,https://mercado-blevins.com/
81,D6CEAfb3BDbaa1A,Leslie,Jennings,Blankenship-Arias,Coreybury,Micronesia,629.198.6346,075.256.0829,corey75@wiggins.com,2021-11-13,https://www.juarez.com/
82,Ebdb6F6F7c90b69,Kathleen,Mckay,"Coffey, Lamb and Johnson",Lake Janiceton,Saint Vincent and the Grenadines,(733)910-9968,(691)247-4128x0665,chloelester@higgins-wilkinson.com,2021-09-12,http://www.owens-mooney.com/
83,E8E7e8Cfe516ef0,Hunter,Moreno,Fitzpatrick-Lawrence,East Clinton,Isle of Man,(733)833-6754,001-761-013-7121,isaac26@benton-finley.com,2020-12-28,http://walls.info/
84,78C06E9b6B3DF20,Chad,Davidson,Garcia-Jimenez,South Joshuashire,Oman,8275702958,(804)842-4715,justinwalters@jimenez.com,2021-11-15,http://www.garner-oliver.com/
85,03A1E62ADdeb31c,Corey,Holt,"Mcdonald, Bird and Ramirez",New Glenda,Fiji,001-439-242-4986x7918,3162708934,maurice46@morgan.com,2020-02-18,http://www.watson.com/
86,C6763c99d0bd16D,Emma,Cunningham,Stephens Inc,North Jillianview,New Zealand,128-059-0206x60217,(312)164-4545x2284,walter83@juarez.org,2022-05-13,http://www.reid.info/
87,ebe77E5Bf9476CE,Duane,Woods,Montoya-Miller,Lyonsberg,Maldives,(636)544-7783x7288,(203)287-1003x5932,kmercer@wagner.com,2020-07-21,http://murray.org/
88,E4Bbcd8AD81fC5f,Alison,Vargas,"Vaughn, Watts and Leach",East Cristinabury,Benin,365-273-8144,053-308-7653x6287,vcantu@norton.com,2020-11-10,http://mason.info/
89,efeb73245CDf1fF,Vernon,Kane,Carter-Strickland,Thomasfurt,Yemen,114-854-1159x555,499-608-4612,hilljesse@barrett.info,2021-04-15,http://www.duffy-hensley.net/
90,37Ec4B395641c1E,Lori,Flowers,Decker-Mcknight,North Joeburgh,Namibia,679.415.1210,945-842-3659x4581,tyrone77@valenzuela.info,2021-01-09,http://www.deleon-crosby.com/
91,5ef6d3eefdD43bE,Nina,Chavez,Byrd-Campbell,Cassidychester,Bhutan,053-344-3205,+1-330-920-5422x571,elliserica@frank.com,2020-03-26,https://www.pugh.com/
92,98b3aeDcC3B9FF3,Shane,Foley,Rocha-Hart,South Dannymouth,Hungary,+1-822-569-0302,001-626-114-5844x55073,nsteele@sparks.com,2021-07-06,https://www.holt-sparks.com/
93,aAb6AFc7AfD0fF3,Collin,Ayers,Lamb-Peterson,South Lonnie,Anguilla,404-645-5351x012,001-257-582-8850x8516,dudleyemily@gonzales.biz,2021-06-29,http://www.ruiz.com/
94,54B5B5Fe9F1B6C5,Sherry,Young,"Lee, Lucero and Johnson",Frankchester,Solomon Islands,158-687-1764,(438)375-6207x003,alan79@gates-mclaughlin.com,2021-04-04,https://travis.net/
95,BE91A0bdcA49Bbc,Darrell,Douglas,"Newton, Petersen and Mathis",Daisyborough,Mali,001-084-845-9524x1777,001-769-564-6303,grayjean@lowery-good.com,2022-02-17,https://banks.biz/
96,cb8E23e48d22Eae,Karl,Greer,Carey LLC,East Richard,Guyana,(188)169-1674x58692,001-841-293-3519x614,hhart@jensen.com,2022-01-30,http://hayes-perez.com/
97,CeD220bdAaCfaDf,Lynn,Atkinson,"Ware, Burns and Oneal",New Bradview,Sri Lanka,+1-846-706-2218,605.413.3198,vkemp@ferrell.com,2021-07-10,https://novak-allison.com/
98,28CDbC0dFe4b1Db,Fred,Guerra,Schmitt-Jones,Ortegaland,Solomon Islands,+1-753-067-8419x7170,+1-632-666-7507x92121,swagner@kane.org,2021-09-18,https://www.ross.com/
99,c23d1D9EE8DEB0A,Yvonne,Farmer,Fitzgerald-Harrell,Lake Elijahview,Aruba,(530)311-9786,001-869-452-0943x12424,mccarthystephen@horn-green.biz,2021-08-11,http://watkins.info/
100,2354a0E336A91A1,Clarence,Haynes,"Le, Nash and Cross",Judymouth,Honduras,(753)813-6941,783.639.1472,colleen91@faulkner.biz,2020-03-11,http://www.hatfield-saunders.net/
